5495d1d21204510d3eb46726be76ac8fe575a3e3.png, wA6q8
d4f1afd21fd3071eb7061ad025476af4565bf77d.png, NqIxF
a49c9d3fa4f7ab633590fa8dddc42252ba80ec91.png, V54Gt
74661f8ceca096237fafd77a23d7450cc5a0f8da.png, xL5qH
05ed3ae0eca9b5e51dfce94d3ea9d4d06aab5e02.png, yxJvJ
f99f08a1e6d617f11fbae1ebbc5abd225024f5a0.png, v4XOt
07831d5ab49c69d4aecbd3b0ad0e9ecb42dc83dc.png, 0GD6v
819ec88d9832aa9b7419fec24bdc8f8699813f9f.png, 23XHE
9ecbeeeb9dd63a8173ea3bd98c01ff9602fc33af.png, 7DG9B
9cdd98b3f604343f9b73c8b214fba877da304856.png, X5q17
452b91179c34841fa2526696fb3db115e794291b.png, t1D4E
b4493f626234aeaa4dce1345c435ba20f0510be4.png, MXIFI
5a77789a8952ea2624be9ce9944c0aa967838e96.png, IJtA6
bb257ef970f116bcb1029dadc0e59e08d55fc4e3.png, 1p7Et
8b69cdb1d816533920b6df3a4a0ccd44a8a6d7a1.png, HNEIO
9c8555d5b6a36ec9c8a74af301a2a18ca216091c.png, 96rFJ
6a4e9e7b3359bb37e6d6723eb8527b3a60b0e1bb.png, DA79y
98feac37136fa1c2ab6db262a5ddbb08bdc97cb0.png, D69tt
04d94312e7a1541a010b52b48f6746e8e853cfc9.png, y2prq
04bed77db237c630835d1774f67a3dddf52df732.png, NCyL8
7d113deb322cc3470107083bccf57ab33ee00dd7.png, ZDVII
d1d5959e5486fcf2953c9deaacd5dc80c2b8e766.png, IJrCK
2654b31e47c020340c7d1cd9bb5d862a87fc833c.png, wqJ0E
7ce9baac8a0aefae09d1ba31cb3b272b6b5b8092.png, M1s4r
fc9bb3d5ff18b948fb54de6f381958f03694ed4d.png, tXMuM
1b7ff4ce989f89322aca9c6863c931d818e2e650.png, DF0vB
aec6a0918d623390f46f67d7675277fb621ae1e8.png, 7N193
29ecada226c61e496c6c8470e786fc499b9cd37a.png, 6tHsv
a450f08e532b221d9b571f20db163118191bf98f.png, BM3Oy
93cede467f4d80fccf1beca6b4a929e5d97309f9.png, r6tSG
2f2fc8ad5133c05de178d61dcc4738cb3e6b978e.png, 19E2X
2bb245440ca32bea0e9cb1cfed97d8fd0113b918.png, V439q
080086aff634f79894394eef6db61eb8660edc99.png, w4qEv
26d8941df94ae031d5a95c332a55f711f69ea138.png, UGrEO
fe2394de1d5ef8f05c81383fc5160500973b845b.png, D15IL
d7fffce83478b40b01f581693c9b95ef63269e49.png, Er3Ju
258511d3d25c4a563ed5a7d8bdc514d4f55a6d58.png, D652N
4cbbc335c952f0196c0567c4c0792afe1a76f30c.png, 2uprG
d71ba37ecf172a9f59bf440617844263297b158e.png, 6A3yt
3b7539c543d319b45b7a1c8b6908e5d473af82ed.png, 46OGD
958f9e82c6cf2bd39ed3be17c38feb1b3e5fc937.png, BtEKo
87204ef60d7a3654adef6de531ae56f9f8958540.png, GpIvI
2fcacf081f0c09585156ca62adee3c9ddbb8a239.png, BtOBB
4e6eaf732a4a9875007da0e25efd411970d8ee25.png, MC36p
4a0f5d85baab593f096d5ee1d57d0333dbbdc726.png, 8EDKq
63912d90bcea0143001e04c44b1e5275e5c2b5a2.png, EvVwJ
123f79a361537e4a772c9e932cf1d3e60c5fd77c.png, 70sCu
8c1c6850539e7f696ace46a3edfb013b93f078be.png, 38LM8
d4526b6d5f8d5c385904ffc1f90e1a826c7f0ddd.png, VGC9t
0071a020fc4e0b6ab558ce087de84dad9e2e88f7.png, qNO6v
